{
    "accuracy": 0.9021739130434783,
    "precision": 0.903771551724138,
    "recall": 0.898214570380998,
    "f1_score": 0.900383653936129,
    "cohen_kappa": 0.8008977236293684
}